Stab,Knoten,x_m,Extremum,N_kN,Vy_kN,Vz_kN,Lastfall
10101,1516,0,N,0.256562,-0.002222,74.526283,LK71
10101,1516,0,N,0.088193,0.001121,37.528339,LK3
10101,1516,0,Vy,0.166325,0.004077,37.492489,LK9
10101,1516,0,Vy,0.177617,-0.008869,63.484539,LK31
10101,1516,0,Vz,0.214763,-0.004624,74.578239,LK65
10101,1516,0,Vz,0.174088,0.00102,37.461109,LK58
10101,1516,0,MT,0.188322,-0.007465,63.465424,LK12
10101,1516,0,MT,0.155618,0.002665,37.511608,LK41
10101,1516,0,My,0.163464,-0.002306,37.574909,LK35
10101,1516,0,My,0.162506,0.000936,63.393467,LK11
10101,1516,0,Mz,0.154622,0.004068,37.524193,LK5
10101,1516,0,Mz,0.189318,-0.008868,63.452839,LK16
10101,1929,3.84989767685394,N,2.5e-05,-0.000443,-81.152687,LK11
10101,1929,3.84989767685394,N,-1.7e-05,0.000458,-47.87904,LK35
10101,1929,3.84989767685394,Vy,5e-06,0.003934,-47.887249,LK39
10101,1929,3.84989767685394,Vy,2e-05,-0.002299,-81.149353,LK13
10101,1929,3.84989767685394,Vz,1.2e-05,-0.001622,-47.810619,LK21
10101,1929,3.84989767685394,Vz,1.7e-05,0.001836,-95.495682,LK65
10101,1929,3.84989767685394,MT,1.8e-05,-0.001652,-81.143974,LK17
10101,1929,3.84989767685394,MT,8e-06,0.003306,-47.89262,LK4
10101,1929,3.84989767685394,My,1.9e-05,-0.000408,-47.819328,LK7
10101,1929,3.84989767685394,My,-1.1e-05,0.000422,-81.212395,LK27
10101,1929,3.84989767685394,Mz,5e-06,0.003934,-47.887249,LK39
10101,1929,3.84989767685394,Mz,2e-05,-0.002299,-81.149353,LK13
10102,1930,0,N,0.590302,-0.072895,144.628998,LK10
10102,1930,0,N,-0.11044,-0.00788,85.744896,LK37
10102,1930,0,Vy,-0.101832,-0.007871,85.738998,LK3
10102,1930,0,Vy,0.581655,-0.072903,144.634903,LK14
10102,1930,0,Vz,0.208746,-0.045889,170.018005,LK72
10102,1930,0,Vz,0.458403,-0.052465,85.615524,LK34
10102,1930,0,MT,0.251768,-0.048223,85.704002,LK4
10102,1930,0,MT,0.369759,-0.047701,144.672211,LK17
10102,1930,0,My,0.469377,-0.05495,85.639297,LK18
10102,1930,0,My,0.197637,-0.043388,169.994293,LK64
10102,1930,0,Mz,0.37509,-0.068679,144.723297,LK16
10102,1930,0,Mz,-0.101832,-0.007871,85.738998,LK3
10102,1526,7.5000000000045,N,3.4e-05,-0.000841,-137.250702,LK70
10102,1526,7.5000000000045,N,6e-06,-0.003669,-69.304901,LK37
10102,1526,7.5000000000045,Vy,2.3e-05,0.027018,-116.760796,LK16
10102,1526,7.5000000000045,Vy,2.1e-05,-0.005729,-69.035309,LK5
10102,1526,7.5000000000045,Vz,1.8e-05,0.002614,-68.253342,LK43
10102,1526,7.5000000000045,Vz,2.3e-05,-0.000271,-137.751999,LK78
10102,1526,7.5000000000045,MT,2.1e-05,0.004152,-116.516602,LK14
10102,1526,7.5000000000045,MT,8e-06,-0.003978,-69.206528,LK3
10102,1526,7.5000000000045,My,8e-06,-0.003978,-69.206528,LK3
10102,1526,7.5000000000045,My,2.7e-05,0.003961,-137.177994,LK71
10102,1526,7.5000000000045,Mz,3.1e-05,-0.003676,-116.7033,LK13
10102,1526,7.5000000000045,Mz,1.3e-05,0.024952,-69.092865,LK39
10103,1931,0,N,2.334789,-0.020588,173.801407,LK10
10103,1931,0,N,0.203579,-0.012183,113.085899,LK37
10103,1931,0,Vy,1.073394,-0.003594,113.352203,LK41
10103,1931,0,Vy,2.023809,-0.026937,197.334793,LK69
10103,1931,0,Vz,1.94217,-0.019031,198.281708,LK74
10103,1931,0,Vz,1.707797,-0.011707,111.910896,LK34
10103,1931,0,MT,1.073394,-0.003594,113.352203,LK41
10103,1931,0,MT,2.023809,-0.026937,197.334793,LK69
10103,1931,0,My,1.707797,-0.011707,111.910896,LK34
10103,1931,0,My,1.420266,-0.024187,198.121994,LK72
10103,1931,0,Mz,1.420266,-0.024187,198.121994,LK72
10103,1931,0,Mz,1.707797,-0.011707,111.910896,LK34
10103,1578,6.1500000000005,N,0.000526,0.003266,-297.175507,LK67
10103,1578,6.1500000000005,N,0.000172,0.002576,-175.787598,LK37
10103,1578,6.1500000000005,Vy,0.000443,0.02575,-266.153503,LK12
10103,1578,6.1500000000005,Vy,0.000282,-0.012461,-175.46991,LK41
10103,1578,6.1500000000005,Vz,0.000277,-0.008266,-175.384399,LK96
10103,1578,6.1500000000005,Vz,0.000526,0.003266,-297.175507,LK67
10103,1578,6.1500000000005,MT,0.000437,0.023901,-265.695007,LK16
10103,1578,6.1500000000005,MT,0.000289,-0.010617,-175.928406,LK5
10103,1578,6.1500000000005,My,0.000179,0.004426,-176.246094,LK3
10103,1578,6.1500000000005,My,0.000519,0.001415,-296.717102,LK71
10103,1578,6.1500000000005,Mz,0.000289,-0.010617,-175.928406,LK5
10103,1578,6.1500000000005,Mz,0.000486,0.015953,-296.673096,LK73
10104,1932,0,N,0.14081,0.006081,137.138,LK22
10104,1932,0,N,-0.23775,-0.014891,71.802673,LK19
10104,1932,0,Vy,0.133657,0.007452,71.811813,LK34
10104,1932,0,Vy,-0.230648,-0.016259,137.128906,LK15
10104,1932,0,Vz,0.006578,-0.00695,165.143707,LK82
10104,1932,0,Vz,0.011656,-0.003256,71.7845,LK45
10104,1932,0,MT,0.022347,-0.005167,165.11879,LK69
10104,1932,0,MT,-0.007158,-0.005328,71.822784,LK41
10104,1932,0,My,0.129853,0.006666,71.80751,LK18
10104,1932,0,My,-0.128189,-0.011927,165.131409,LK64
10104,1932,0,Mz,-0.230648,-0.016259,137.128906,LK15
10104,1932,0,Mz,0.133651,0.007447,71.811813,LK2
10104,1606,6.1500000000005,N,4e-06,0.014191,-61.773239,LK3
10104,1606,6.1500000000005,N,-2.7e-05,-0.002778,-116.933998,LK14
10104,1606,6.1500000000005,Vy,2e-06,0.016743,-117.390999,LK29
10104,1606,6.1500000000005,Vy,-2.4e-05,-0.005331,-61.316261,LK6
10104,1606,6.1500000000005,Vz,-3e-06,0.002494,-61.042931,LK45
10104,1606,6.1500000000005,Vz,-3e-06,0.010643,-141.240005,LK82
10104,1606,6.1500000000005,MT,2e-06,0.015929,-61.608459,LK19
10104,1606,6.1500000000005,MT,-2.5e-05,-0.004516,-117.098801,LK22
10104,1606,6.1500000000005,My,4e-06,0.014168,-61.529892,LK7
10104,1606,6.1500000000005,My,-1.8e-05,0.001556,-141.026596,LK76
10104,1606,6.1500000000005,Mz,-2.4e-05,-0.005309,-61.55954,LK34
10104,1606,6.1500000000005,Mz,-2e-06,0.014069,-117.161301,LK102
10105,1933,0,N,0.064149,0.009715,119.722603,LK10
10105,1933,0,N,-0.123091,-0.024818,62.895737,LK37
10105,1933,0,Vy,0.055281,0.013519,62.89613,LK35
10105,1933,0,Vy,-0.114219,-0.02862,119.722206,LK11
10105,1933,0,Vz,0.018712,-0.011659,144.104507,LK80
10105,1933,0,Vz,0.018235,-0.00119,62.868057,LK9
10105,1933,0,MT,0.057058,0.01345,62.890423,LK34
10105,1933,0,MT,-0.059667,-0.022471,144.087601,LK72
10105,1933,0,My,0.055769,0.013299,62.889709,LK18
10105,1933,0,My,-0.058348,-0.022332,144.088409,LK64
10105,1933,0,Mz,0.047352,0.000527,144.087906,LK71
10105,1933,0,Mz,-0.121305,-0.024891,62.890038,LK3
10105,1610,6.1500000000005,N,2e-05,0.017742,-102.626801,LK14
10105,1610,6.1500000000005,N,-2.4e-05,0.019746,-53.84853,LK3
10105,1610,6.1500000000005,Vy,-1e-05,0.031587,-123.352798,LK72
10105,1610,6.1500000000005,Vy,1.8e-05,0.00762,-54.03846,LK2
10105,1610,6.1500000000005,Vz,5e-06,0.011684,-53.46674,LK46
10105,1610,6.1500000000005,Vz,6e-06,0.028183,-123.751801,LK80
10105,1610,6.1500000000005,MT,-2.2e-05,0.029868,-102.436897,LK15
10105,1610,6.1500000000005,MT,1.8e-05,0.007621,-54.038353,LK34
10105,1610,6.1500000000005,My,-2.4e-05,0.019746,-53.84853,LK3
10105,1610,6.1500000000005,My,1.5e-05,0.024312,-123.466797,LK71
10105,1610,6.1500000000005,Mz,-2.4e-05,0.019746,-53.84853,LK3
10105,1610,6.1500000000005,Mz,2e-05,0.017742,-102.626801,LK14
10106,1934,0,N,0.014906,-0.002321,87.05986,LK73
10106,1934,0,N,-0.044527,0.00095,42.420769,LK36
10106,1934,0,Vy,0.003315,0.005927,42.427299,LK41
10106,1934,0,Vy,0.0143,-0.003606,73.668358,LK16
10106,1934,0,Vz,0.011664,-0.001194,87.064964,LK76
10106,1934,0,Vz,-0.04382,0.000928,42.419441,LK7
10106,1934,0,MT,0.014151,-0.002279,87.061119,LK79
10106,1934,0,MT,0.003996,0.005879,42.42598,LK21
10106,1934,0,My,0.006443,-0.001687,42.429108,LK18
10106,1934,0,My,-0.040902,0.00088,73.666313,LK23
10106,1934,0,Mz,-0.04084,0.000859,73.666382,LK29
10106,1934,0,Mz,0.006374,-0.001663,42.42905,LK6
10106,2167,2.4999999999929,N,-0.000134,0.001634,-37.085861,LK44
10106,2167,2.4999999999929,N,-0.000358,0.000759,-75.214745,LK76
10106,2167,2.4999999999929,Vy,-0.000272,0.006807,-63.746681,LK16
10106,2167,2.4999999999929,Vy,-0.000162,-0.009368,-37.161839,LK40
10106,2167,2.4999999999929,Vz,-0.000137,0.002068,-37.054802,LK7
10106,2167,2.4999999999929,Vz,-0.000358,0.000759,-75.214745,LK76
10106,2167,2.4999999999929,MT,-0.000269,0.00254,-63.667999,LK15
10106,2167,2.4999999999929,MT,-0.000182,-0.000351,-37.22702,LK2
10106,2167,2.4999999999929,My,-0.000336,0.002127,-75.114067,LK64
10106,2167,2.4999999999929,My,-0.000175,-0.000247,-37.222408,LK18
10106,2167,2.4999999999929,Mz,-0.000286,-0.008912,-63.769943,LK13
10106,2167,2.4999999999929,Mz,-0.000148,0.006323,-37.138569,LK39
10107,1935,0,N,0.156191,0.002516,138.991409,LK14
10107,1935,0,N,-0.234385,-0.006123,82.10524,LK36
10107,1935,0,Vy,-0.003255,0.007608,82.02417,LK9
10107,1935,0,Vy,-0.23014,-0.006754,139.027405,LK29
10107,1935,0,Vz,0.100113,0.000687,163.466599,LK76
10107,1935,0,Vz,-0.136259,-0.003455,81.936577,LK44
10107,1935,0,MT,0.011011,-0.003899,82.03688,LK8
10107,1935,0,MT,0.000477,0.006749,139.036804,LK33
10107,1935,0,My,0.152317,0.003144,82.071388,LK18
10107,1935,0,My,-0.131755,-0.004755,163.431793,LK64
10107,1935,0,Mz,-0.234376,-0.006123,82.10524,LK3
10107,1935,0,Mz,0.156191,0.002516,138.991409,LK14
10107,1936,7.5000000000011,N,-4.1e-05,-0.000664,-83.363495,LK6
10107,1936,7.5000000000011,N,-0.000117,0.000795,-139.546295,LK29
10107,1936,7.5000000000011,Vy,-0.000117,0.000795,-139.546295,LK29
10107,1936,7.5000000000011,Vy,-4.1e-05,-0.000664,-83.363495,LK6
10107,1936,7.5000000000011,Vz,-8.9e-05,0.000733,-83.28215,LK36
10107,1936,7.5000000000011,Vz,-8.6e-05,-0.000338,-163.726196,LK71
10107,1936,7.5000000000011,MT,-0.000116,0.000782,-139.556702,LK15
10107,1936,7.5000000000011,MT,-4.1e-05,-0.000654,-83.353065,LK2
10107,1936,7.5000000000011,My,-8.9e-05,0.000735,-83.282158,LK3
10107,1936,7.5000000000011,My,-8.6e-05,-0.000338,-163.726196,LK71
10107,1936,7.5000000000011,Mz,-8.6e-05,-0.000379,-163.724091,LK67
10107,1936,7.5000000000011,Mz,-6e-05,0.000623,-83.317101,LK41
10108,1937,0,N,-0.04675,0.000689,82.761612,LK7
10108,1937,0,N,-0.115104,-0.000433,163.162903,LK76
10108,1937,0,Vy,-0.04675,0.000689,82.761612,LK7
10108,1937,0,Vy,-0.112865,-0.000646,139.014008,LK27
10108,1937,0,Vz,-0.099193,8.2e-05,163.214203,LK65
10108,1937,0,Vz,-0.05724,3.6e-05,82.644814,LK21
10108,1937,0,MT,-0.085149,0.000219,139.079208,LK12
10108,1937,0,MT,-0.058445,-5e-06,82.665009,LK41
10108,1937,0,My,-0.083202,-0.000562,82.707344,LK35
10108,1937,0,My,-0.092743,0.000357,163.187408,LK68
10108,1937,0,Mz,-0.099046,-6.1e-05,163.117294,LK74
10108,1937,0,Mz,-0.04795,0.000637,82.781822,LK3
10108,1938,7.49999999999374,N,4.6e-05,-0.004625,-154.401413,LK11
10108,1938,7.49999999999374,N,-3.8e-05,0.005477,-91.120781,LK35
10108,1938,7.49999999999374,Vy,-3.8e-05,0.005477,-91.120781,LK35
10108,1938,7.49999999999374,Vy,4.6e-05,-0.004625,-154.401413,LK11
10108,1938,7.49999999999374,Vz,1.7e-05,0.000524,-91.104599,LK8
10108,1938,7.49999999999374,Vz,-9e-06,0.003181,-181.530411,LK76
10108,1938,7.49999999999374,MT,4.5e-05,-0.004474,-154.404907,LK29
10108,1938,7.49999999999374,MT,-3.8e-05,0.005323,-91.11734,LK6
10108,1938,7.49999999999374,My,3.9e-05,-0.004575,-91.114563,LK7
10108,1938,7.49999999999374,My,-9e-06,0.003181,-181.530411,LK76
10108,1938,7.49999999999374,Mz,-3.8e-05,0.005361,-91.118744,LK18
10108,1938,7.49999999999374,Mz,4.5e-05,-0.004509,-154.403503,LK23
10109,1536,0,N,0.100425,0.006414,134.828598,LK33
10109,1536,0,N,-0.06486,0.003345,78.520035,LK6
10109,1536,0,Vy,0.067398,0.008419,78.813423,LK9
10109,1536,0,Vy,0.078152,-0.012386,134.596588,LK29
10109,1536,0,Vz,0.100389,0.000832,158.599594,LK82
10109,1536,0,Vz,0.019868,-0.005923,78.165901,LK45
10109,1536,0,MT,-0.06486,0.003345,78.520035,LK6
10109,1536,0,MT,0.087036,-0.010442,158.460403,LK78
10109,1536,0,My,-0.060036,0.002825,78.888771,LK35
10109,1536,0,My,0.082195,-0.009922,158.091705,LK68
10109,1536,0,Mz,0.0956,0.006926,134.459793,LK13
10109,1536,0,Mz,-0.060036,0.002825,78.888771,LK35
10109,1939,6.1499999999931,N,2.8e-05,0.008848,-182.59729,LK28
10109,1939,6.1499999999931,N,-3.2e-05,-0.003853,-107.189598,LK18
10109,1939,6.1499999999931,Vy,2.8e-05,0.008913,-182.597092,LK29
10109,1939,6.1499999999931,Vy,1.4e-05,-0.00757,-107.2117,LK9
10109,1939,6.1499999999931,Vz,-1.6e-05,-0.001462,-107.174294,LK55
10109,1939,6.1499999999931,Vz,2.2e-05,-0.002015,-214.904999,LK66
10109,1939,6.1499999999931,MT,-3.2e-05,-0.003853,-107.189598,LK18
10109,1939,6.1499999999931,MT,2.8e-05,0.008846,-182.597198,LK23
10109,1939,6.1499999999931,My,2.1e-05,0.007727,-107.203796,LK7
10109,1939,6.1499999999931,My,-5e-06,0.000216,-214.891586,LK76
10109,1939,6.1499999999931,Mz,2.8e-05,0.008913,-182.597092,LK29
10109,1939,6.1499999999931,Mz,-3.2e-05,-0.00392,-107.189796,LK6
10110,1939,0,N,0.03262,0.003916,148.529709,LK13
10110,1939,0,N,-0.065814,-0.004454,85.41452,LK37
10110,1939,0,Vy,0.017551,0.00409,85.40876,LK35
10110,1939,0,Vy,-0.05697,-0.004583,148.542801,LK11
10110,1939,0,Vz,0.020409,-0.001636,175.599594,LK65
10110,1939,0,Vz,0.024357,0.004037,85.401398,LK21
10110,1939,0,MT,0.005866,-0.002308,85.420204,LK4
10110,1939,0,MT,0.032582,0.003937,148.529404,LK17
10110,1939,0,My,0.018138,0.004073,85.408745,LK18
10110,1939,0,My,-0.022579,-0.002939,175.596405,LK64
10110,1939,0,Mz,-0.057548,-0.004566,148.542801,LK23
10110,1939,0,Mz,0.018138,0.004073,85.408745,LK18
10110,1940,5.09999999999057,N,6e-06,0.001599,-187.684204,LK69
10110,1940,5.09999999999057,N,-1.3e-05,-1.8e-05,-88.214859,LK35
10110,1940,5.09999999999057,Vy,4e-06,0.002891,-88.219299,LK8
10110,1940,5.09999999999057,Vy,5e-06,-0.005913,-157.8414,LK17
10110,1940,5.09999999999057,Vz,3e-06,-0.005806,-88.213242,LK41
10110,1940,5.09999999999057,Vz,6e-06,0.001599,-187.684204,LK69
10110,1940,5.09999999999057,MT,3e-06,-0.005812,-88.215424,LK21
10110,1940,5.09999999999057,MT,6e-06,0.002787,-157.843094,LK24
10110,1940,5.09999999999057,My,3e-06,0.000291,-88.215027,LK3
10110,1940,5.09999999999057,My,-4e-06,-0.000147,-187.6828,LK71
10110,1940,5.09999999999057,Mz,6e-06,0.002766,-157.8452,LK16
10110,1940,5.09999999999057,Mz,3e-06,-0.005787,-88.21328,LK5
10111,1941,0,N,0.019499,-0.001121,36.661102,LK18
10111,1941,0,N,-0.029107,0.00082,68.298744,LK23
10111,1941,0,Vy,-0.028868,0.001843,36.723049,LK7
10111,1941,0,Vy,0.019272,-0.002144,68.236778,LK27
10111,1941,0,Vz,-0.01768,0,81.81942,LK77
10111,1941,0,Vz,0.019499,-0.001121,36.661102,LK18
10111,1941,0,MT,-0.017569,0.000259,81.818924,LK68
10111,1941,0,MT,0.01933,-0.001379,36.66135,LK35
10111,1941,0,My,0.01933,-0.001379,36.66135,LK35
10111,1941,0,My,-0.017569,0.000259,81.818924,LK68
10111,1941,0,Mz,0.018637,-0.001531,68.238213,LK10
10111,1941,0,Mz,-0.02824,0.001231,36.72163,LK37
10111,1942,6.14999999999548,N,7.2e-05,0.019615,-78.245117,LK14
10111,1942,6.14999999999548,N,-8.1e-05,-0.015899,-42.472229,LK3
10111,1942,6.14999999999548,Vy,7.2e-05,0.019615,-78.245117,LK14
10111,1942,6.14999999999548,Vy,-8.1e-05,-0.015904,-42.471809,LK36
10111,1942,6.14999999999548,Vz,6.8e-05,0.018302,-40.870731,LK35
10111,1942,6.14999999999548,Vz,-4.2e-05,-0.007489,-95.550705,LK68
10111,1942,6.14999999999548,MT,6.9e-05,0.017288,-78.260094,LK10
10111,1942,6.14999999999548,MT,7e-06,0.016662,-41.632111,LK39
10111,1942,6.14999999999548,My,-8.1e-05,-0.015865,-42.473801,LK7
10111,1942,6.14999999999548,My,4.8e-05,0.013923,-94.582245,LK76
10111,1942,6.14999999999548,Mz,-7.8e-05,-0.013573,-42.45726,LK37
10111,1942,6.14999999999548,Mz,6.9e-05,0.017288,-78.260094,LK10
10112,1942,0,N,0.153156,-0.032994,59.86047,LK23
10112,1942,0,N,-0.312113,0.037425,32.405132,LK18
10112,1942,0,Vy,-0.310874,0.038715,60.299782,LK14
10112,1942,0,Vy,0.152013,-0.034291,31.96582,LK3
10112,1942,0,Vz,-0.19522,0.025237,72.166214,LK71
10112,1942,0,Vz,0.152013,-0.034291,31.96582,LK3
10112,1942,0,MT,-0.310874,0.038715,60.299782,LK14
10112,1942,0,MT,0.152013,-0.034291,31.96582,LK3
10112,1942,0,My,-0.312113,0.037425,32.405132,LK18
10112,1942,0,My,0.153156,-0.032994,59.86047,LK23
10112,1942,0,Mz,-0.312113,0.037425,32.405132,LK18
10112,1942,0,Mz,0.153156,-0.032994,59.86047,LK23
10112,1943,5.0999999999882,N,7.6e-05,0.035426,-48.985149,LK3
10112,1943,5.0999999999882,N,-0.000128,-0.038591,-93.078239,LK14
10112,1943,5.0999999999882,Vy,7.6e-05,0.035426,-48.985149,LK3
10112,1943,5.0999999999882,Vy,-0.000128,-0.038591,-93.078239,LK14
10112,1943,5.0999999999882,Vz,7.6e-05,0.035426,-48.985149,LK3
10112,1943,5.0999999999882,Vz,-8.2e-05,-0.024821,-111.944504,LK71
10112,1943,5.0999999999882,MT,-1.5e-05,-0.003698,-49.013451,LK21
10112,1943,5.0999999999882,MT,4e-05,0.019612,-111.913498,LK64
10112,1943,5.0999999999882,My,7.6e-05,0.035426,-48.985149,LK3
10112,1943,5.0999999999882,My,-8.2e-05,-0.024821,-111.944504,LK71
10112,1943,5.0999999999882,Mz,7.5e-05,0.035271,-48.98732,LK7
10112,1943,5.0999999999882,Mz,-0.000127,-0.03844,-93.076065,LK27
10113,1944,0,N,0.018709,0.047586,86.701958,LK33
10113,1944,0,N,-0.049234,0.034736,49.152451,LK6
10113,1944,0,Vy,-0.039013,0.127832,86.859261,LK12
10113,1944,0,Vy,-0.043825,0.022657,48.933281,LK35
10113,1944,0,Vz,-0.024662,0.119441,103.022293,LK68
10113,1944,0,Vz,-0.025667,0.030453,48.92709,LK90
10113,1944,0,MT,-0.039013,0.127832,86.859261,LK12
10113,1944,0,MT,-0.043825,0.022657,48.933281,LK35
10113,1944,0,My,-0.043825,0.022657,48.933281,LK35
10113,1944,0,My,-0.024662,0.119441,103.022293,LK68
10113,1944,0,Mz,-0.044976,0.048689,86.61512,LK14
10113,1944,0,Mz,-0.034216,0.096556,49.258289,LK3
10113,1945,6.14999999999574,N,2e-05,-0.068597,-116.391602,LK28
10113,1945,6.14999999999574,N,-4.7e-05,-0.002496,-65.780281,LK18
10113,1945,6.14999999999574,Vy,-4.7e-05,-0.000703,-65.781677,LK35
10113,1945,6.14999999999574,Vy,2e-05,-0.070634,-116.392105,LK11
10113,1945,6.14999999999574,Vz,-3e-05,-0.009479,-65.777649,LK97
10113,1945,6.14999999999574,Vz,1.1e-05,-0.03833,-138.072296,LK66
10113,1945,6.14999999999574,MT,2e-05,-0.070634,-116.392105,LK11
10113,1945,6.14999999999574,MT,-4.7e-05,-0.000703,-65.781677,LK35
10113,1945,6.14999999999574,My,1.8e-05,-0.059399,-65.81115,LK7
10113,1945,6.14999999999574,My,-2.6e-05,-0.027196,-138.046402,LK76
10113,1945,6.14999999999574,Mz,1.2e-05,-0.010573,-65.802811,LK41
10113,1945,6.14999999999574,Mz,-1.5e-05,-0.063065,-116.384796,LK12
10114,1945,0,N,0.019652,0.001385,106.634399,LK25
10114,1945,0,N,-0.05366,0.013981,58.502739,LK18
10114,1945,0,Vy,-0.047094,0.014053,106.641296,LK14
10114,1945,0,Vy,-0.023191,-0.014516,58.48867,LK3
10114,1945,0,Vz,-0.022737,0.008514,127.2696,LK71
10114,1945,0,Vz,-0.023272,-0.014502,58.488338,LK36
10114,1945,0,MT,-0.022737,0.008514,127.2696,LK71
10114,1945,0,MT,-0.023191,-0.014516,58.48867,LK3
10114,1945,0,My,-0.05366,0.013981,58.502739,LK18
10114,1945,0,My,-0.002699,-0.008948,127.260101,LK64
10114,1945,0,Mz,-0.053573,0.013942,58.50087,LK35
10114,1945,0,Mz,-0.016712,-0.014401,106.629105,LK11
10114,1946,5.0999999999906,N,0,0.001218,-115.212296,LK24
10114,1946,5.0999999999906,N,-2.3e-05,-0.015694,-60.976551,LK18
10114,1946,5.0999999999906,Vy,-3e-06,0.013711,-60.970982,LK3
10114,1946,5.0999999999906,Vy,-2.3e-05,-0.01616,-115.216103,LK14
10114,1946,5.0999999999906,Vz,-3e-06,0.013711,-60.970982,LK3
10114,1946,5.0999999999906,Vz,-1.3e-05,-0.009771,-138.46109,LK67
10114,1946,5.0999999999906,MT,-4e-06,-0.003611,-60.975468,LK21
10114,1946,5.0999999999906,MT,0,0.001218,-115.212296,LK24
10114,1946,5.0999999999906,My,-3e-06,0.013711,-60.970982,LK3
10114,1946,5.0999999999906,My,-1.5e-05,-0.010578,-138.46109,LK71
10114,1946,5.0999999999906,Mz,-2e-06,0.013136,-115.212799,LK11
10114,1946,5.0999999999906,Mz,-2.3e-05,-0.015694,-60.976551,LK18
10115,1520,0,N,0.030684,0.001055,46.57135,LK104
10115,1520,0,N,-0.036823,0.00231,27.802801,LK2
10115,1520,0,Vy,-0.029797,0.002529,46.576782,LK26
10115,1520,0,Vy,0.016654,-0.001658,27.847858,LK19
10115,1520,0,Vz,0.0205,-0.000554,54.67638,LK77
10115,1520,0,Vz,-0.030993,0.002258,27.7771,LK18
10115,1520,0,MT,0.002526,-0.00071,27.810671,LK20
10115,1520,0,MT,0.024714,0.001155,54.640942,LK70
10115,1520,0,My,-0.031537,0.0023,27.786961,LK35
10115,1520,0,My,0.018266,-0.001455,46.631142,LK11
10115,1520,0,Mz,-0.024118,0.002452,46.544533,LK14
10115,1520,0,Mz,-0.003198,-0.000634,27.84292,LK38
10115,1947,2.49989767685394,N,2.4e-05,0.000482,-25.78212,LK20
10115,1947,2.49989767685394,N,-4.3e-05,-0.001675,-42.870789,LK22
10115,1947,2.49989767685394,Vy,1.8e-05,0.001474,-25.9035,LK7
10115,1947,2.49989767685394,Vy,-4e-05,-0.001742,-42.870052,LK27
10115,1947,2.49989767685394,Vz,-3.9e-05,-0.001729,-25.485231,LK35
10115,1947,2.49989767685394,Vz,8e-06,0.000829,-50.660172,LK68
10115,1947,2.49989767685394,MT,-1.6e-05,-0.001277,-25.653349,LK21
10115,1947,2.49989767685394,MT,1e-05,0.000272,-50.573559,LK65
10115,1947,2.49989767685394,My,1.8e-05,0.001474,-25.9035,LK7
10115,1947,2.49989767685394,My,-4e-05,-0.001742,-42.870052,LK27
10115,1947,2.49989767685394,Mz,2.1e-05,0.000548,-25.768641,LK4
10115,1947,2.49989767685394,Mz,-4e-05,-0.001739,-42.88427,LK14
10116,1947,0,N,0.380879,0.01155,144.16571,LK14
10116,1947,0,N,-0.205744,0.003555,80.766533,LK36
10116,1947,0,Vy,0.280414,0.015954,142.567795,LK17
10116,1947,0,Vy,-0.056344,-0.009227,82.326561,LK38
10116,1947,0,Vz,0.318955,0.011442,169.503403,LK71
10116,1947,0,Vz,-0.205253,0.003577,80.765709,LK3
10116,1947,0,MT,0.331646,0.009072,83.677658,LK18
10116,1947,0,MT,0.07788,-8e-06,168.677795,LK79
10116,1947,0,My,0.331646,0.009072,83.677658,LK18
10116,1947,0,My,-0.011254,0.007692,167.740906,LK64
10116,1947,0,Mz,0.371458,0.010751,144.154587,LK10
10116,1947,0,Mz,-0.046429,-0.008416,82.336815,LK39
10116,1948,5.0999999999875,N,4.2e-05,-0.013723,-156.083206,LK17
10116,1948,5.0999999999875,N,0,0.006052,-87.212036,LK38
10116,1948,5.0999999999875,Vy,0,0.006052,-87.212036,LK38
10116,1948,5.0999999999875,Vy,4.2e-05,-0.013723,-156.083206,LK17
10116,1948,5.0999999999875,Vz,9e-06,-0.002569,-87.150139,LK3
10116,1948,5.0999999999875,Vz,2.5e-05,-0.010622,-185.6483,LK71
10116,1948,5.0999999999875,MT,4.1e-05,-0.012354,-185.611588,LK74
10116,1948,5.0999999999875,MT,0,0.006052,-87.212036,LK38
10116,1948,5.0999999999875,My,9e-06,-0.002569,-87.150139,LK3
10116,1948,5.0999999999875,My,2.5e-05,-0.010622,-185.6483,LK71
10116,1948,5.0999999999875,Mz,0,0.006043,-87.21196,LK4
10116,1948,5.0999999999875,Mz,4.2e-05,-0.013723,-156.083206,LK17
10117,1949,0,N,-0.025687,-0.001225,38.282021,LK4
10117,1949,0,N,-0.085616,0.004572,68.869209,LK15
10117,1949,0,Vy,-0.05999,0.007001,38.26857,LK3
10117,1949,0,Vy,-0.080725,-0.016021,68.888977,LK14
10117,1949,0,Vz,-0.074069,-0.012108,82.022491,LK75
10117,1949,0,Vz,-0.060278,0.001831,38.240921,LK56
10117,1949,0,MT,-0.05999,0.007001,38.26857,LK3
10117,1949,0,MT,-0.081301,-0.012761,82.006317,LK71
10117,1949,0,My,-0.060117,-0.013968,38.287441,LK35
10117,1949,0,My,-0.080573,0.004947,68.87011,LK11
10117,1949,0,Mz,-0.051312,-0.003654,68.882675,LK16
10117,1949,0,Mz,-0.05999,0.007001,38.26857,LK3
10117,20203,2.4999999999929,N,-9.4e-05,-0.007386,-23.224501,LK7
10117,20203,2.4999999999929,N,-0.000443,0.017737,-52.175648,LK76
10117,20203,2.4999999999929,Vy,-0.000413,0.022082,-43.628551,LK14
10117,20203,2.4999999999929,Vy,-0.0001,-0.007836,-23.23337,LK3
10117,20203,2.4999999999929,Vz,-0.0001,-0.006836,-23.22048,LK19
10117,20203,2.4999999999929,Vz,-0.000438,0.017199,-52.179771,LK75
10117,20203,2.4999999999929,MT,-0.000318,0.006762,-43.45974,LK17
10117,20203,2.4999999999929,MT,-0.000164,0.003687,-23.41567,LK4
10117,20203,2.4999999999929,My,-0.000343,0.002029,-51.974449,LK78
10117,20203,2.4999999999929,My,-0.000261,0.018797,-23.559839,LK6
10117,20203,2.4999999999929,Mz,-0.000312,0.006205,-43.463768,LK13
10117,20203,2.4999999999929,Mz,-0.000169,0.004236,-23.41164,LK39
10118,1518,0,N,0.042871,-0.009805,63.410469,LK11
10118,1518,0,N,-0.046095,-0.004188,43.66819,LK35
10118,1518,0,Vy,-0.008744,0.004457,47.154697,LK8
10118,1518,0,Vy,0.015814,-0.013388,60.362968,LK33
10118,1518,0,Vz,0.023517,-0.011647,71.71167,LK72
10118,1518,0,Vz,-0.035301,-0.003219,41.346088,LK34
10118,1518,0,MT,-0.001281,-0.008846,50.931911,LK100
10118,1518,0,MT,0.006126,-0.004261,64.589958,LK65
10118,1518,0,My,-0.046095,-0.004188,43.66819,LK35
10118,1518,0,My,0.042871,-0.009805,63.410469,LK11
10118,1518,0,Mz,0.015814,-0.013388,60.362968,LK33
10118,1518,0,Mz,-0.008744,0.004457,47.154697,LK8
10118,1705,1.41599999999653,N,-1.8e-05,0.006692,-16.45026,LK3
10118,1705,1.41599999999653,N,-0.000308,0.007516,-32.728401,LK14
10118,1705,1.41599999999653,Vy,-0.000178,0.013521,-27.140211,LK33
10118,1705,1.41599999999653,Vy,-0.000134,-0.004948,-21.923288,LK8
10118,1705,1.41599999999653,Vz,-1.8e-05,0.006692,-16.45026,LK3
10118,1705,1.41599999999653,Vz,-0.000281,0.009825,-34.472031,LK71
10118,1705,1.41599999999653,MT,-6.2e-05,0.010329,-23.757359,LK28
10118,1705,1.41599999999653,MT,-0.000156,0.008797,-21.958519,LK100
10118,1705,1.41599999999653,My,-0.000134,0.011109,-30.211472,LK68
10118,1705,1.41599999999653,My,-0.000252,0.003932,-23.45389,LK35
10118,1705,1.41599999999653,Mz,-0.000137,-0.003964,-20.101679,LK39
10118,1705,1.41599999999653,Mz,-0.000175,0.012534,-28.961821,LK13
10119,1693,0,N,0.011784,0.000236,14.3912,LK18
10119,1693,0,N,-0.116528,3.3e-05,24.831699,LK23
10119,1693,0,Vy,-0.064179,0.00053,24.63813,LK12
10119,1693,0,Vy,-0.091262,-1.9e-05,14.782331,LK36
10119,1693,0,Vz,-0.10474,0.000108,29.06102,LK64
10119,1693,0,Vz,0.011784,0.000236,14.3912,LK18
10119,1693,0,MT,-0.038737,0.000481,14.586081,LK20
10119,1693,0,MT,-0.068441,0.000138,28.946239,LK66
10119,1693,0,My,-0.043782,0.000255,28.82613,LK76
10119,1693,0,My,-0.089722,-9e-06,14.780849,LK7
10119,1693,0,Mz,-0.054302,9.5e-05,24.636099,LK17
10119,1693,0,Mz,-0.040449,0.000469,14.59038,LK4
10119,1950,1.56500000000154,N,-1.6e-05,-0.000356,-21.80023,LK18
10119,1950,1.56500000000154,N,-9.6e-05,-0.00018,-43.73941,LK64
10119,1950,1.56500000000154,Vy,-6.6e-05,2.3e-05,-21.8452,LK37
10119,1950,1.56500000000154,Vy,-6.9e-05,-0.000907,-37.144131,LK12
10119,1950,1.56500000000154,Vz,-2.6e-05,-0.000303,-21.787039,LK55
10119,1950,1.56500000000154,Vz,-9.6e-05,-0.00018,-43.73941,LK64
10119,1950,1.56500000000154,MT,-7.1e-05,-0.000115,-37.143307,LK17
10119,1950,1.56500000000154,MT,-4.2e-05,-0.000795,-21.833731,LK4
10119,1950,1.56500000000154,My,-6.6e-05,7e-06,-21.82679,LK7
10119,1950,1.56500000000154,My,-4.4e-05,-0.000427,-37.148129,LK27
10119,1950,1.56500000000154,Mz,-6.9e-05,-0.000907,-37.144131,LK12
10119,1950,1.56500000000154,Mz,-4.3e-05,-2.7e-05,-21.814159,LK21
10201,1542,0,N,0.040744,0.014929,130.485397,LK82
10201,1542,0,N,-0.065828,0.006603,64.489281,LK6
10201,1542,0,Vy,0.02622,0.03138,65.0662,LK40
10201,1542,0,Vy,0.020715,-0.016428,110.383797,LK16
10201,1542,0,Vz,0.040744,0.014929,130.485397,LK82
10201,1542,0,Vz,-0.03686,0.002726,64.222038,LK43
10201,1542,0,MT,-0.012594,0.000651,130.334106,LK63
10201,1542,0,MT,0.013597,-0.008695,64.64798,LK19
10201,1542,0,My,-0.062451,0.006929,64.824738,LK35
10201,1542,0,My,0.031829,-0.00895,130.095398,LK68
10201,1542,0,Mz,0.023109,0.030558,64.738876,LK21
10201,1542,0,Mz,0.023813,-0.015613,110.711105,LK24
10201,1951,6.14999999999405,N,4e-05,0.006021,-150.894791,LK23
10201,1951,6.14999999999405,N,-4.7e-05,-0.003945,-88.645424,LK18
10201,1951,6.14999999999405,Vy,1.6e-05,0.010586,-150.865601,LK16
10201,1951,6.14999999999405,Vy,9e-06,-0.020693,-88.695755,LK40
10201,1951,6.14999999999405,Vz,-2.4e-05,-0.001919,-88.634796,LK43
10201,1951,6.14999999999405,Vz,1.8e-05,-0.010245,-177.565903,LK82
10201,1951,6.14999999999405,MT,9e-06,-0.020678,-88.695755,LK5
10201,1951,6.14999999999405,MT,1.6e-05,0.010447,-150.865097,LK12
10201,1951,6.14999999999405,My,3.4e-05,0.004963,-88.664459,LK7
10201,1951,6.14999999999405,My,-1.5e-05,-0.000388,-177.546097,LK76
10201,1951,6.14999999999405,Mz,1.6e-05,0.010586,-150.865601,LK16
10201,1951,6.14999999999405,Mz,9e-06,-0.020678,-88.695755,LK5
10202,1951,0,N,0.011801,-0.000847,119.100204,LK16
10202,1951,0,N,-0.046026,-0.000638,70.089432,LK34
10202,1951,0,Vy,-0.010979,0.002046,70.088226,LK9
10202,1951,0,Vy,0.009465,-0.000918,70.089493,LK4
10202,1951,0,Vz,-0.023085,-0.000297,140.104401,LK67
10202,1951,0,Vz,-0.011318,0.001982,70.087898,LK41
10202,1951,0,MT,0.010196,-0.000467,140.104401,LK69
10202,1951,0,MT,-0.011318,0.001982,70.087898,LK41
10202,1951,0,My,-0.045567,-0.000603,70.089714,LK18
10202,1951,0,My,-0.001791,0.000391,140.10379,LK64
10202,1951,0,Mz,-0.0076,0.000628,119.099602,LK11
10202,1951,0,Mz,-0.011369,0.001991,70.087929,LK5
10202,1952,5.0999999999897,N,1.9e-05,-0.001166,-122.164604,LK11
10202,1952,5.0999999999897,N,-2.5e-05,0.001096,-71.84156,LK2
10202,1952,5.0999999999897,Vy,1e-05,0.001636,-122.164398,LK30
10202,1952,5.0999999999897,Vy,-1e-06,-0.003352,-71.841225,LK21
10202,1952,5.0999999999897,Vz,-1e-06,-0.003318,-71.840462,LK41
10202,1952,5.0999999999897,Vz,1e-05,0.000923,-143.731598,LK69
10202,1952,5.0999999999897,MT,-1e-06,-0.003352,-71.841225,LK21
10202,1952,5.0999999999897,MT,1e-05,0.001631,-122.164398,LK24
10202,1952,5.0999999999897,My,1.6e-05,-0.001131,-71.841522,LK3
10202,1952,5.0999999999897,My,-9e-06,0.000584,-143.731201,LK71
10202,1952,5.0999999999897,Mz,-2.2e-05,0.001053,-122.164604,LK14
10202,1952,5.0999999999897,Mz,-1e-06,-0.003323,-71.8405,LK5
10203,1953,0,N,-0.000346,0.039051,32.237858,LK21
10203,1953,0,N,-0.037382,0.023656,54.138908,LK23
10203,1953,0,Vy,-0.003917,0.044457,54.152611,LK13
10203,1953,0,Vy,-0.003648,-0.004576,32.236698,LK38
10203,1953,0,Vz,-0.007119,0.010126,63.552361,LK76
10203,1953,0,Vz,-0.033685,0.018365,32.222698,LK7
10203,1953,0,MT,-0.007938,0.008395,63.542629,LK69
10203,1953,0,MT,-0.000572,0.038943,32.239269,LK41
10203,1953,0,My,-0.001752,-0.001417,32.2491,LK18
10203,1953,0,My,-0.037382,0.023656,54.138908,LK23
10203,1953,0,Mz,-0.003309,-0.004466,32.235329,LK20
10203,1953,0,Mz,-0.003917,0.044457,54.152611,LK13
10203,2168,2.4999999999929,N,-8.6e-05,-0.003284,-21.444609,LK9
10203,2168,2.4999999999929,N,-0.000232,-0.003973,-42.231789,LK76
10203,2168,2.4999999999929,Vy,-0.000141,-0.001512,-21.45619,LK35
10203,2168,2.4999999999929,Vy,-0.000165,-0.005731,-35.974789,LK11
10203,2168,2.4999999999929,Vz,-8.9e-05,-0.004256,-21.42848,LK7
10203,2168,2.4999999999929,Vz,-0.000232,-0.003973,-42.231789,LK76
10203,2168,2.4999999999929,MT,-0.000231,-0.003998,-42.229961,LK71
10203,2168,2.4999999999929,MT,-8.7e-05,-0.003282,-21.44644,LK5
10203,2168,2.4999999999929,My,-0.000201,-0.005605,-42.216217,LK64
10203,2168,2.4999999999929,My,-0.00014,-0.001535,-21.454359,LK18
10203,2168,2.4999999999929,Mz,-0.000162,-0.004774,-35.99102,LK17
10203,2168,2.4999999999929,Mz,-9.8e-05,-0.001661,-21.44165,LK4
10301,1929,0,N,0.297036,-0.004874,106.152298,LK67
10301,1929,0,N,0.065818,0.003628,53.10157,LK37
10301,1929,0,Vy,0.172411,0.004705,53.073799,LK9
10301,1929,0,Vy,0.239442,-0.011504,90.241386,LK31
10301,1929,0,Vz,0.233053,0.00082,106.183601,LK68
10301,1929,0,Vz,0.172441,-0.005862,53.049431,LK35
10301,1929,0,MT,0.243538,-0.011441,90.241653,LK16
10301,1929,0,MT,0.168361,0.004668,53.073502,LK40
10301,1929,0,My,0.172441,-0.005862,53.049431,LK35
10301,1929,0,My,0.233053,0.00082,106.183601,LK68
10301,1929,0,Mz,0.155712,0.004517,53.07193,LK41
10301,1929,0,Mz,0.256138,-0.01131,90.24324,LK12
10301,1930,4.99999999999597,N,5.9e-05,0.001288,-114.1968,LK69
10301,1930,4.99999999999597,N,7e-06,-0.002846,-56.83894,LK37
10301,1930,4.99999999999597,Vy,3.1e-05,0.004567,-56.883369,LK39
10301,1930,4.99999999999597,Vy,5.2e-05,-0.005657,-96.984421,LK13
10301,1930,4.99999999999597,Vz,2.3e-05,-0.002599,-56.809147,LK56
10301,1930,4.99999999999597,Vz,4.8e-05,-0.000883,-114.237396,LK63
10301,1930,4.99999999999597,MT,2.9e-05,-0.00489,-56.869179,LK41
10301,1930,4.99999999999597,MT,5.4e-05,0.00379,-96.998604,LK12
10301,1930,4.99999999999597,My,1.2e-05,-0.002934,-56.840782,LK3
10301,1930,4.99999999999597,My,4.6e-05,-0.001004,-114.213203,LK71
10301,1930,4.99999999999597,Mz,5.4e-05,0.00379,-96.998604,LK12
10301,1930,4.99999999999597,Mz,2.9e-05,-0.00489,-56.869179,LK41
10302,1938,0,N,0.323827,-0.001729,100.858398,LK80
10302,1938,0,N,0.124761,0.004094,50.288353,LK6
10302,1938,0,Vy,0.125421,0.004237,50.321808,LK35
10302,1938,0,Vy,0.261194,-0.005046,85.665436,LK11
10302,1938,0,Vz,0.323754,-0.001749,100.858795,LK65
10302,1938,0,Vz,0.172821,0.000845,50.247482,LK58
10302,1938,0,MT,0.190654,-0.002157,50.30238,LK8
10302,1938,0,MT,0.262323,0.001846,85.677795,LK33
10302,1938,0,My,0.124828,0.004112,50.28793,LK18
10302,1938,0,My,0.309142,-0.003332,100.855293,LK64
10302,1938,0,Mz,0.124761,0.004094,50.288353,LK6
10302,1938,0,Mz,0.26175,-0.004921,85.699318,LK23
10302,1935,4.99999999999937,N,-1.1e-05,0.00153,-32.363552,LK20
10302,1935,4.99999999999937,N,-3.8e-05,0.003429,-57.19725,LK23
10302,1935,4.99999999999937,Vy,-3.8e-05,0.003508,-56.695801,LK11
10302,1935,4.99999999999937,Vy,-2.2e-05,-0.003014,-32.832558,LK35
10302,1935,4.99999999999937,Vz,-1.6e-05,-0.000573,-31.757269,LK58
10302,1935,4.99999999999937,Vz,-2.1e-05,0.001313,-67.702919,LK65
10302,1935,4.99999999999937,MT,-2.5e-05,-0.001139,-56.626762,LK17
10302,1935,4.99999999999937,MT,-1.1e-05,0.001462,-32.866982,LK4
10302,1935,4.99999999999937,My,-3.2e-05,0.0033,-32.295029,LK7
10302,1935,4.99999999999937,My,-2.8e-05,-0.001378,-67.681465,LK76
10302,1935,4.99999999999937,Mz,-3.2e-05,0.003205,-32.794487,LK37
10302,1935,4.99999999999937,Mz,-2.8e-05,-0.00271,-56.733879,LK10
10401,1950,0,N,0.06118,-0.0034,63.48737,LK10
10401,1950,0,N,-0.015794,0.000691,37.12521,LK37
10401,1950,0,Vy,-0.015794,0.000691,37.12521,LK37
10401,1950,0,Vy,0.02973,-0.005638,63.479828,LK12
10401,1950,0,Vz,0.050576,-0.002813,74.803154,LK63
10401,1950,0,Vz,0.001579,-0.000389,37.077877,LK56
10401,1950,0,MT,0.018941,-0.005011,37.1502,LK39
10401,1950,0,MT,0.034198,-0.00108,74.762619,LK70
10401,1950,0,My,0.052152,-0.002928,37.13089,LK18
10401,1950,0,My,-0.006779,0.000221,63.481693,LK23
10401,1950,0,Mz,0.029692,-0.005602,63.479717,LK16
10401,1950,0,Mz,-0.015746,0.000658,37.125309,LK3
10401,1931,2.6000000000094,N,1.1e-05,0.003048,-66.392189,LK67
10401,1931,2.6000000000094,N,1e-06,-0.000544,-33.677841,LK37
10401,1931,2.6000000000094,Vy,1e-05,0.005386,-56.71257,LK12
10401,1931,2.6000000000094,Vy,1e-06,-0.000544,-33.677841,LK37
10401,1931,2.6000000000094,Vz,6e-06,0.002763,-32.989399,LK35
10401,1931,2.6000000000094,Vz,7e-06,0.001063,-66.805244,LK68
10401,1931,2.6000000000094,MT,6e-06,0.004852,-33.433681,LK20
10401,1931,2.6000000000094,MT,4e-06,-2.6e-05,-56.95673,LK23
10401,1931,2.6000000000094,My,2e-06,-0.000521,-33.680622,LK3
10401,1931,2.6000000000094,My,9e-06,0.003403,-56.276199,LK14
10401,1931,2.6000000000094,Mz,2e-06,-0.00052,-33.680462,LK36
10401,1931,2.6000000000094,Mz,1e-05,0.003025,-66.389404,LK71
10402,1946,0,N,0.02335,-0.000646,30.35075,LK35
10402,1946,0,N,-0.0392,0.000729,58.645519,LK11
10402,1946,0,Vy,-0.036623,0.000753,30.354599,LK7
10402,1946,0,Vy,0.020728,-0.00067,58.64167,LK27
10402,1946,0,Vz,-0.028347,0.000445,70.769722,LK68
10402,1946,0,Vz,0.02335,-0.000646,30.35075,LK35
10402,1946,0,MT,-0.008382,5.3e-05,70.768967,LK73
10402,1946,0,MT,-0.009044,0.000161,30.35194,LK5
10402,1946,0,My,0.02335,-0.000646,30.35075,LK35
10402,1946,0,My,-0.028347,0.000445,70.769722,LK68
10402,1946,0,Mz,-0.036327,0.000748,30.3531,LK3
10402,1946,0,Mz,0.020449,-0.000665,58.643173,LK14
10402,1932,2.6000000000094,N,1.3e-05,0.000702,-57.52512,LK22
10402,1932,2.6000000000094,N,-2e-05,-0.000953,-29.729311,LK19
10402,1932,2.6000000000094,Vy,1.3e-05,0.000702,-57.525108,LK26
10402,1932,2.6000000000094,Vy,-2e-05,-0.000953,-29.729311,LK19
10402,1932,2.6000000000094,Vz,1e-05,0.000689,-29.714449,LK6
10402,1932,2.6000000000094,Vz,-8e-06,-0.000622,-69.455154,LK78
10402,1932,2.6000000000094,MT,-2e-05,-0.000945,-29.730909,LK37
10402,1932,2.6000000000094,MT,1.3e-05,0.000694,-57.52351,LK10
10402,1932,2.6000000000094,My,-2e-05,-0.000925,-29.72892,LK7
10402,1932,2.6000000000094,My,1e-05,0.000346,-69.446472,LK76
10402,1932,2.6000000000094,Mz,1.3e-05,0.000666,-57.523899,LK14
10402,1932,2.6000000000094,Mz,-2e-05,-0.000917,-29.73052,LK3
10403,1943,0,N,0.042861,-0.001805,50.663391,LK27
10403,1943,0,N,-0.060483,0.001929,26.274561,LK7
10403,1943,0,Vy,-0.059901,0.001946,50.6717,LK23
10403,1943,0,Vy,0.042294,-0.001823,26.26626,LK18
10403,1943,0,Vz,-0.037291,0.001189,61.126198,LK68
10403,1943,0,Vz,0.042569,-0.001815,26.26598,LK35
10403,1943,0,MT,-0.000967,1.1e-05,26.27022,LK8
10403,1943,0,MT,-0.003796,8.5e-05,61.123013,LK82
10403,1943,0,My,0.042569,-0.001815,26.26598,LK35
10403,1943,0,My,-0.037291,0.001189,61.126198,LK68
10403,1943,0,Mz,-0.060184,0.001937,26.274279,LK3
10403,1943,0,Mz,0.042549,-0.001813,50.663673,LK14
10403,1933,2.6000000000118,N,6e-06,-0.000414,-61.006489,LK70
10403,1933,2.6000000000118,N,-6e-06,-0.001943,-26.15456,LK37
10403,1933,2.6000000000118,Vy,0,0.001513,-26.169199,LK35
10403,1933,2.6000000000118,Vy,-3e-06,-0.002067,-50.543999,LK11
10403,1933,2.6000000000118,Vz,-3e-06,-0.001264,-26.14979,LK44
10403,1933,2.6000000000118,Vz,4e-06,0.000684,-61.014191,LK76
10403,1933,2.6000000000118,MT,-6e-06,-0.001943,-26.15456,LK37
10403,1933,2.6000000000118,MT,3e-06,0.00139,-50.558628,LK10
10403,1933,2.6000000000118,My,-6e-06,-0.001963,-26.150589,LK7
10403,1933,2.6000000000118,My,4e-06,0.000684,-61.014191,LK76
10403,1933,2.6000000000118,Mz,3e-06,0.001407,-50.558693,LK14
10403,1933,2.6000000000118,Mz,-6e-06,-0.00196,-26.15451,LK3
10404,1686,0,N,0.204396,-0.004851,38.114929,LK35
10404,1686,0,N,-0.288613,0.006487,73.941422,LK11
10404,1686,0,Vy,-0.014039,0.014411,38.11874,LK21
10404,1686,0,Vy,-0.018928,-0.009569,73.935524,LK30
10404,1686,0,Vz,-0.178837,0.004105,89.287796,LK78
10404,1686,0,Vz,0.111638,-0.002649,38.104942,LK43
10404,1686,0,MT,-0.286311,0.006512,38.144642,LK3
10404,1686,0,MT,0.115096,-0.002763,89.269936,LK76
10404,1686,0,My,0.111638,-0.002649,38.104942,LK43
10404,1686,0,My,-0.178837,0.004105,89.287796,LK78
10404,1686,0,Mz,-0.014039,0.014411,38.11874,LK21
10404,1686,0,Mz,0.203087,-0.005011,73.919395,LK26
10404,1717,2.6000000000074,N,6.8e-05,0.002191,-70.202995,LK26
10404,1717,2.6000000000074,N,-0.00011,-0.002987,-36.236,LK19
10404,1717,2.6000000000074,Vy,-1.3e-05,0.004447,-70.171211,LK24
10404,1717,2.6000000000074,Vy,-1.7e-05,-0.00709,-36.271,LK21
10404,1717,2.6000000000074,Vz,-0.00011,-0.002987,-36.236,LK19
10404,1717,2.6000000000074,Vz,3.7e-05,0.001256,-84.723,LK75
10404,1717,2.6000000000074,MT,-0.000109,-0.002929,-36.236519,LK7
10404,1717,2.6000000000074,MT,6.7e-05,0.002133,-70.202454,LK27
10404,1717,2.6000000000074,My,-0.00011,-0.002987,-36.236,LK19
10404,1717,2.6000000000074,My,3.7e-05,0.001256,-84.723,LK75
10404,1717,2.6000000000074,Mz,-1.6e-05,0.004386,-36.265301,LK4
10404,1717,2.6000000000074,Mz,-1.4e-05,-0.007031,-70.176903,LK17
10405,1940,0,N,0.055074,-0.000307,44.86763,LK35
10405,1940,0,N,-0.076436,0.000149,81.820724,LK11
10405,1940,0,Vy,0.001413,0.001366,44.865559,LK40
10405,1940,0,Vy,-0.012567,-0.000635,81.822861,LK16
10405,1940,0,Vz,0.027343,-0.00026,97.664497,LK63
10405,1940,0,Vz,-0.046433,0.000101,44.860588,LK56
10405,1940,0,MT,-0.012628,-0.000631,81.825508,LK24
10405,1940,0,MT,0.001461,0.001365,44.8629,LK21
10405,1940,0,My,0.055002,-0.000307,44.865021,LK18
10405,1940,0,My,-0.049954,4e-05,97.663063,LK64
10405,1940,0,Mz,0.054937,-0.000308,44.867672,LK2
10405,1940,0,Mz,-0.076301,0.00015,81.820679,LK15
10405,1934,2.6000000000109,N,3e-06,-7e-05,-76.330391,LK11
10405,1934,2.6000000000109,N,-5e-06,0.000199,-41.890018,LK35
10405,1934,2.6000000000109,Vy,3e-06,0.000565,-76.311386,LK24
10405,1934,2.6000000000109,Vy,0,-0.001237,-41.90036,LK40
10405,1934,2.6000000000109,Vz,-5e-06,0.000199,-41.890018,LK35
10405,1934,2.6000000000109,Vz,3e-06,1e-06,-91.069138,LK68
10405,1934,2.6000000000109,MT,0,-0.001231,-41.906059,LK21
10405,1934,2.6000000000109,MT,3e-06,0.000564,-76.311386,LK30
10405,1934,2.6000000000109,My,2e-06,-0.000107,-41.919361,LK3
10405,1934,2.6000000000109,My,-2e-06,0.000184,-91.051498,LK71
10405,1934,2.6000000000109,Mz,3e-06,-7.2e-05,-76.330254,LK15
10405,1934,2.6000000000109,Mz,-5e-06,0.000201,-41.890148,LK2
10406,1952,0,N,0.018202,-0.000141,30.83724,LK18
10406,1952,0,N,-0.028821,-0.000329,53.292809,LK23
10406,1952,0,Vy,0.017901,-0.00014,30.977591,LK35
10406,1952,0,Vy,-0.021533,-0.000367,62.739326,LK68
10406,1952,0,Vz,-0.007535,-0.000358,63.09293,LK82
10406,1952,0,Vz,-0.005191,-0.000168,30.534529,LK45
10406,1952,0,MT,-0.010545,-0.000342,62.75412,LK65
10406,1952,0,MT,-0.0014,-0.000192,31.145359,LK21
10406,1952,0,My,0.018202,-0.000141,30.83724,LK18
10406,1952,0,My,-0.021829,-0.000366,62.879681,LK64
10406,1952,0,Mz,-0.00511,-0.000316,53.634987,LK25
10406,1952,0,Mz,0.018202,-0.000141,30.83724,LK18
10406,1953,2.6000000000103,N,1e-06,0.000147,-31.33754,LK4
10406,1953,2.6000000000103,N,-2e-06,0.000159,-31.389071,LK6
10406,1953,2.6000000000103,Vy,-1e-06,0.001093,-54.30658,LK33
10406,1953,2.6000000000103,Vy,1e-06,0.000147,-31.33757,LK38
10406,1953,2.6000000000103,Vz,1e-06,0.00023,-31.236641,LK45
10406,1953,2.6000000000103,Vz,-1e-06,0.000988,-63.921429,LK82
10406,1953,2.6000000000103,MT,-1e-06,0.001077,-54.228642,LK17
10406,1953,2.6000000000103,MT,1e-06,0.000147,-31.33754,LK4
10406,1953,2.6000000000103,My,-1e-06,0.000545,-31.48358,LK3
10406,1953,2.6000000000103,My,-1e-06,0.000572,-63.71706,LK71
10406,1953,2.6000000000103,Mz,1e-06,0.000151,-31.264519,LK20
10406,1953,2.6000000000103,Mz,-1e-06,0.001081,-54.301659,LK25
10407,1948,0,N,0.058187,-8e-06,79.6866,LK10
10407,1948,0,N,-0.042397,-0.000294,43.734409,LK37
10407,1948,0,Vy,0.008715,0.000499,43.75647,LK39
10407,1948,0,Vy,-0.03803,-0.000349,79.645691,LK11
10407,1948,0,Vz,0.038849,-7.2e-05,95.069885,LK76
10407,1948,0,Vz,-0.04091,-0.000306,43.733879,LK7
10407,1948,0,MT,0.009713,0.000493,43.75613,LK20
10407,1948,0,MT,0.008512,-0.000228,79.665787,LK32
10407,1948,0,My,0.054867,4.1e-05,43.774967,LK18
10407,1948,0,My,-0.018413,-0.000284,95.045143,LK64
10407,1948,0,Mz,0.008715,0.000499,43.75647,LK39
10407,1948,0,Mz,0.058187,-8e-06,79.6866,LK10
10407,1949,2.6000000000125,N,-2e-06,0.000272,-41.290577,LK3
10407,1949,2.6000000000125,N,-1.3e-05,-0.000552,-75.09285,LK14
10407,1949,2.6000000000125,Vy,-2e-06,0.000272,-41.290577,LK3
10407,1949,2.6000000000125,Vy,-1.3e-05,-0.000552,-75.09285,LK14
10407,1949,2.6000000000125,Vz,-1.1e-05,-0.000439,-41.22797,LK34
10407,1949,2.6000000000125,Vz,-6e-06,-2.5e-05,-89.645241,LK72
10407,1949,2.6000000000125,MT,-3e-06,0.000243,-41.292648,LK37
10407,1949,2.6000000000125,MT,-1.3e-05,-0.000523,-75.09079,LK10
10407,1949,2.6000000000125,My,-2e-06,0.000272,-41.290577,LK3
10407,1949,2.6000000000125,My,-1.1e-05,-0.000451,-89.607704,LK71
10407,1949,2.6000000000125,Mz,-1.3e-05,-0.000552,-75.09285,LK14
10407,1949,2.6000000000125,Mz,-2e-06,0.000272,-41.290577,LK3
10501,1955,0,N,-1.654286,0.05285,-16.368,LK35
10501,1955,0,N,-3.640942,0.006645,-34.028389,LK68
10501,1955,0,Vy,-3.097692,0.100738,-29.812641,LK104
10501,1955,0,Vy,-1.718403,-0.020028,-16.184759,LK4
10501,1955,0,Vz,-1.69444,-0.010994,-15.953191,LK93
10501,1955,0,Vz,-3.614894,0.061235,-34.205147,LK72
10501,1955,0,MT,-1.715191,0.011772,-16.08742,LK40
10501,1955,0,MT,-3.104522,0.036436,-29.652821,LK16
10501,1955,0,My,-1.654966,0.090807,-16.49575,LK90
10501,1955,0,My,-3.640942,0.006645,-34.028389,LK68
10501,1955,0,Mz,-1.707137,0.095375,-16.524519,LK92
10501,1955,0,Mz,-3.092495,0.00013,-29.482552,LK10
10501,20187,1.21198409848615,N,-1.738656,0.05285,-17.15004,LK35
10501,20187,1.21198409848615,N,-3.725312,0.006645,-34.810429,LK68
10501,20187,1.21198409848615,Vy,-3.182061,0.100738,-30.594679,LK104
10501,20187,1.21198409848615,Vy,-1.802773,-0.020028,-16.966801,LK4
10501,20187,1.21198409848615,Vz,-1.77881,-0.010994,-16.735241,LK93
10501,20187,1.21198409848615,Vz,-3.699264,0.061235,-34.987179,LK72
10501,20187,1.21198409848615,MT,-1.799561,0.011772,-16.86945,LK40
10501,20187,1.21198409848615,MT,-3.188892,0.036436,-30.43486,LK16
10501,20187,1.21198409848615,My,-1.77881,-0.010994,-16.735241,LK93
10501,20187,1.21198409848615,My,-3.699264,0.061235,-34.987179,LK72
10501,20187,1.21198409848615,Mz,-1.802773,-0.020028,-16.966801,LK4
10501,20187,1.21198409848615,Mz,-3.182061,0.100738,-30.594679,LK104
10502,1956,0,N,0.312189,0.02148,84.994293,LK14
10502,1956,0,N,0.00206,0.001746,50.69672,LK36
10502,1956,0,Vy,0.155996,0.049319,52.189079,LK100
10502,1956,0,Vy,0.172734,-0.016282,83.594292,LK24
10502,1956,0,Vz,0.241331,0.01733,99.098457,LK73
10502,1956,0,Vz,0.092314,0.001099,50.65144,LK95
10502,1956,0,MT,0.223142,0.047864,85.046425,LK104
10502,1956,0,MT,0.10559,-0.014827,50.736961,LK4
10502,1956,0,My,0.101671,-0.009639,50.670288,LK93
10502,1956,0,My,0.179257,0.02726,99.096153,LK72
10502,1956,0,Mz,0.10559,-0.014827,50.736961,LK4
10502,1956,0,Mz,0.223142,0.047864,85.046425,LK104
10502,1516,3.65010232314358,N,4.1e-05,-0.003965,-25.364311,LK3
10502,1516,3.65010232314358,N,-8.4e-05,-0.050179,-42.367924,LK14
10502,1516,3.65010232314358,Vy,-1.4e-05,0.022722,-25.450539,LK4
10502,1516,3.65010232314358,Vy,-3e-05,-0.094499,-42.268467,LK104
10502,1516,3.65010232314358,Vz,-1.3e-05,-0.060436,-22.65863,LK58
10502,1516,3.65010232314358,Vz,-2e-05,0.012889,-51.683853,LK79
10502,1516,3.65010232314358,MT,-3e-05,-0.094499,-42.268467,LK104
10502,1516,3.65010232314358,MT,-1.4e-05,0.022722,-25.450539,LK4
10502,1516,3.65010232314358,My,4e-05,-0.004794,-24.05648,LK7
10502,1516,3.65010232314358,My,-8.3e-05,-0.049354,-43.675739,LK27
10502,1516,3.65010232314358,Mz,-1.4e-05,0.022722,-25.450539,LK4
10502,1516,3.65010232314358,Mz,-3e-05,-0.094499,-42.268467,LK104
10503,1957,0,N,-3.661127,-0.098642,-33.935558,LK96
10503,1957,0,N,-7.462435,0.00896,-69.170326,LK69
10503,1957,0,Vy,-3.685386,0.020249,-34.160271,LK4
10503,1957,0,Vy,-6.513802,-0.100539,-60.377422,LK104
10503,1957,0,Vz,-3.661127,-0.098642,-33.935558,LK96
10503,1957,0,Vz,-7.462435,0.00896,-69.170326,LK69
10503,1957,0,MT,-7.461262,-0.010402,-69.159523,LK70
10503,1957,0,MT,-3.671859,-0.034073,-34.034924,LK39
10503,1957,0,My,-7.448361,-0.056527,-69.039925,LK71
10503,1957,0,My,-3.712986,-0.004653,-34.416191,LK91
10503,1957,0,Mz,-3.685386,0.020249,-34.160271,LK4
10503,1957,0,Mz,-7.447735,-0.064716,-69.034157,LK74
10503,20186,1.2119840984862,N,-3.745497,-0.098642,-34.71759,LK96
10503,20186,1.2119840984862,N,-7.546805,0.00896,-69.952362,LK69
10503,20186,1.2119840984862,Vy,-3.769756,0.020249,-34.942322,LK4
10503,20186,1.2119840984862,Vy,-6.598172,-0.100539,-61.159451,LK104
10503,20186,1.2119840984862,Vz,-3.745497,-0.098642,-34.71759,LK96
10503,20186,1.2119840984862,Vz,-7.546805,0.00896,-69.952362,LK69
10503,20186,1.2119840984862,MT,-7.545632,-0.010402,-69.941544,LK70
10503,20186,1.2119840984862,MT,-3.756229,-0.034073,-34.816948,LK39
10503,20186,1.2119840984862,My,-3.745497,-0.098642,-34.71759,LK96
10503,20186,1.2119840984862,My,-7.546805,0.00896,-69.952362,LK69
10503,20186,1.2119840984862,Mz,-3.74667,-0.079287,-34.728397,LK94
10503,20186,1.2119840984862,Mz,-7.545632,-0.010402,-69.941544,LK70
10504,1958,0,N,-0.027501,0.031692,112.969604,LK92
10504,1958,0,N,-0.094021,0.068942,203.019501,LK69
10504,1958,0,Vy,-0.077064,0.092725,178.8909,LK14
10504,1958,0,Vy,-0.041179,0.009272,114.866104,LK3
10504,1958,0,Vz,-0.083494,0.053019,203.46991,LK68
10504,1958,0,Vz,-0.036246,0.06174,112.517502,LK90
10504,1958,0,MT,-0.07504,0.074133,202.276413,LK74
10504,1958,0,MT,-0.058753,0.035812,114.115402,LK4
10504,1958,0,My,-0.027501,0.031692,112.969604,LK92
10504,1958,0,My,-0.094021,0.068942,203.019501,LK69
10504,1958,0,Mz,-0.077064,0.092725,178.8909,LK14
10504,1958,0,Mz,-0.041179,0.009272,114.866104,LK3
10504,1518,3.65010232314359,N,2.8e-05,0.006399,-65.441254,LK3
10504,1518,3.65010232314359,N,-5.5e-05,0.082613,-90.478973,LK14
10504,1518,3.65010232314359,Vy,-5.5e-05,0.082613,-90.478973,LK14
10504,1518,3.65010232314359,Vy,2.8e-05,0.006399,-65.441254,LK3
10504,1518,3.65010232314359,Vz,-4.9e-05,0.050569,-62.002171,LK34
10504,1518,3.65010232314359,Vz,9e-06,0.053979,-102.426399,LK72
10504,1518,3.65010232314359,MT,-9e-06,0.067576,-101.487206,LK74
10504,1518,3.65010232314359,MT,1e-06,0.025093,-63.519379,LK4
10504,1518,3.65010232314359,My,2.8e-05,0.007201,-65.386742,LK36
10504,1518,3.65010232314359,My,-5.5e-05,0.082613,-90.478973,LK14
10504,1518,3.65010232314359,Mz,2.6e-05,0.020599,-67.099327,LK37
10504,1518,3.65010232314359,Mz,-3.5e-05,0.065803,-98.737617,LK67
10505,1959,0,N,-1.790589,0.034804,-16.48098,LK90
10505,1959,0,N,-4.679173,0.055168,-43.434628,LK68
10505,1959,0,Vy,-3.592338,0.082071,-33.21946,LK102
10505,1959,0,Vy,-2.411086,-0.008444,-22.384321,LK34
10505,1959,0,Vz,-1.790589,0.034804,-16.48098,LK90
10505,1959,0,Vz,-4.679173,0.055168,-43.434628,LK68
10505,1959,0,MT,-2.276513,0.043594,-21.13364,LK5
10505,1959,0,MT,-3.586286,0.052598,-33.140961,LK103
10505,1959,0,My,-4.444779,0.014366,-41.26125,LK75
10505,1959,0,My,-1.809396,0.067122,-16.670839,LK92
10505,1959,0,Mz,-3.586286,0.052598,-33.140961,LK103
10505,1959,0,Mz,-2.276513,0.043594,-21.13364,LK5
10505,20185,1.21198409848609,N,-1.874959,0.034804,-17.26302,LK90
10505,20185,1.21198409848609,N,-4.763542,0.055168,-44.216679,LK68
10505,20185,1.21198409848609,Vy,-3.676707,0.082071,-34.001499,LK102
10505,20185,1.21198409848609,Vy,-2.495456,-0.008444,-23.166359,LK34
10505,20185,1.21198409848609,Vz,-1.874959,0.034804,-17.26302,LK90
10505,20185,1.21198409848609,Vz,-4.763542,0.055168,-44.216679,LK68
10505,20185,1.21198409848609,MT,-2.360882,0.043594,-21.91568,LK5
10505,20185,1.21198409848609,MT,-3.670656,0.052598,-33.922989,LK103
10505,20185,1.21198409848609,My,-1.874959,0.034804,-17.26302,LK90
10505,20185,1.21198409848609,My,-4.763542,0.055168,-44.216679,LK68
10505,20185,1.21198409848609,Mz,-2.495456,-0.008444,-23.166359,LK34
10505,20185,1.21198409848609,Mz,-3.676707,0.082071,-34.001499,LK102
10506,1960,0,N,0.050961,-0.028418,56.06052,LK34
10506,1960,0,N,-0.116242,-0.020303,90.531563,LK15
10506,1960,0,Vy,-0.041504,0.026262,52.991261,LK94
10506,1960,0,Vy,-0.070361,-0.069141,91.933464,LK13
10506,1960,0,Vz,-0.020419,-0.031717,106.827896,LK69
10506,1960,0,Vz,-0.021196,0.00838,52.866512,LK90
10506,1960,0,MT,-0.041504,0.026262,52.991261,LK94
10506,1960,0,MT,0.030596,-0.046144,91.826279,LK10
10506,1960,0,My,-0.021196,0.00838,52.866512,LK90
10506,1960,0,My,-0.073757,-0.047412,106.8218,LK68
10506,1960,0,Mz,0.050961,-0.028418,56.06052,LK34
10506,1960,0,Mz,-0.111054,-0.006314,89.518242,LK102
10506,1520,3.65010232314356,N,1.7e-05,0.00445,-22.25094,LK38
10506,1520,3.65010232314356,N,-5.2e-05,-0.003504,-39.79591,LK14
10506,1520,3.65010232314356,Vy,-3.8e-05,0.021642,-22.343321,LK34
10506,1520,3.65010232314356,Vy,-2e-05,-0.053617,-40.674011,LK102
10506,1520,3.65010232314356,Vz,-9e-06,-0.017332,-19.626869,LK44
10506,1520,3.65010232314356,Vz,-4e-05,-0.011206,-48.610603,LK76
10506,1520,3.65010232314356,MT,-4e-06,-0.036369,-25.52667,LK94
10506,1520,3.65010232314356,MT,-4.7e-05,0.019234,-38.251591,LK10
10506,1520,3.65010232314356,My,3e-06,-0.020887,-22.149881,LK36
10506,1520,3.65010232314356,My,-4.9e-05,-0.001681,-41.428558,LK27
10506,1520,3.65010232314356,Mz,-4e-05,-0.008816,-38.16721,LK13
10506,1520,3.65010232314356,Mz,-4e-06,-0.036369,-25.52667,LK94
10507,1961,0,N,-3.315313,-0.032753,-30.730221,LK91
10507,1961,0,N,-7.784605,-0.035144,-72.156746,LK71
10507,1961,0,Vy,-3.480301,0.011352,-32.259418,LK34
10507,1961,0,Vy,-7.069132,-0.076227,-65.524963,LK102
10507,1961,0,Vz,-3.315313,-0.032753,-30.730221,LK91
10507,1961,0,Vz,-7.784605,-0.035144,-72.156746,LK71
10507,1961,0,MT,-7.409594,-0.049369,-68.680832,LK70
10507,1961,0,MT,-3.327325,-0.003454,-30.841499,LK93
10507,1961,0,My,-7.75823,-0.068012,-71.912361,LK72
10507,1961,0,My,-3.341688,0.000106,-30.97463,LK89
10507,1961,0,Mz,-3.327325,-0.003454,-30.841499,LK93
10507,1961,0,Mz,-7.082646,-0.074063,-65.6502,LK104
10507,20184,1.21198409848619,N,-3.399682,-0.032753,-31.51226,LK91
10507,20184,1.21198409848619,N,-7.868975,-0.035144,-72.938789,LK71
10507,20184,1.21198409848619,Vy,-3.564671,0.011352,-33.041462,LK34
10507,20184,1.21198409848619,Vy,-7.153502,-0.076227,-66.307007,LK102
10507,20184,1.21198409848619,Vz,-3.399682,-0.032753,-31.51226,LK91
10507,20184,1.21198409848619,Vz,-7.868975,-0.035144,-72.938789,LK71
10507,20184,1.21198409848619,MT,-7.493964,-0.049369,-69.46286,LK70
10507,20184,1.21198409848619,MT,-3.411694,-0.003454,-31.623539,LK93
10507,20184,1.21198409848619,My,-3.399682,-0.032753,-31.51226,LK91
10507,20184,1.21198409848619,My,-7.868975,-0.035144,-72.938789,LK71
10507,20184,1.21198409848619,Mz,-3.399682,-0.032753,-31.51226,LK91
10507,20184,1.21198409848619,Mz,-7.179878,-0.043364,-66.551399,LK101
10508,1962,0,N,1.038707,-0.051971,53.75647,LK7
10508,1962,0,N,-1.889872,-0.012995,77.211853,LK27
10508,1962,0,Vy,-1.680273,0.011375,44.244122,LK34
10508,1962,0,Vy,0.286083,-0.076143,85.909386,LK102
10508,1962,0,Vz,0.268517,-0.067938,97.801643,LK72
10508,1962,0,Vz,-1.680273,0.011375,44.244122,LK34
10508,1962,0,MT,-0.393434,-0.065793,96.345024,LK74
10508,1962,0,MT,-0.28576,-0.003404,46.503532,LK93
10508,1962,0,My,-1.101391,0.000131,44.813709,LK89
10508,1962,0,My,0.268517,-0.067938,97.801643,LK72
10508,1962,0,Mz,-1.680273,0.011375,44.244122,LK34
10508,1962,0,Mz,0.813154,-0.07486,85.812027,LK15
10508,1522,3.65010232314354,N,1.105296,-0.043152,-2.481314,LK7
10508,1522,3.65010232314354,N,-1.904291,0.025936,-15.51823,LK27
10508,1522,3.65010232314354,Vy,-1.707439,0.037881,-11.0899,LK34
10508,1522,3.65010232314354,Vy,0.890796,-0.050765,-7.718142,LK15
10508,1522,3.65010232314354,Vz,0.574484,-0.038849,0.677614,LK56
10508,1522,3.65010232314354,Vz,-1.305681,0.018195,-19.82023,LK75
10508,1522,3.65010232314354,MT,-0.35013,-0.024268,-13.10009,LK74
10508,1522,3.65010232314354,MT,-0.275051,0.005059,-9.040366,LK93
10508,1522,3.65010232314354,My,1.105296,-0.043152,-2.481314,LK7
10508,1522,3.65010232314354,My,-1.851432,0.035567,-17.958462,LK26
10508,1522,3.65010232314354,Mz,-1.86839,0.022589,-12.97156,LK14
10508,1522,3.65010232314354,Mz,-0.312979,0.005671,-8.578824,LK38
10509,1963,0,N,-3.044451,4.3e-05,-27.47434,LK3
10509,1963,0,N,-6.597878,-0.000274,-53.896339,LK71
10509,1963,0,Vy,-3.725884,0.000192,-26.839199,LK92
10509,1963,0,Vy,-5.481762,-0.000445,-47.670692,LK10
10509,1963,0,Vz,-3.725884,0.000192,-26.839199,LK92
10509,1963,0,Vz,-6.206929,-0.000406,-54.291691,LK67
10509,1963,0,MT,-6.007947,8e-05,-46.908051,LK102
10509,1963,0,MT,-3.199697,-0.000333,-27.601839,LK2
10509,1963,0,My,-6.113779,-0.00018,-54.215191,LK68
10509,1963,0,My,-3.819045,-3.4e-05,-26.91571,LK90
10509,1963,0,Mz,-6.007947,8e-05,-46.908051,LK102
10509,1963,0,Mz,-3.199697,-0.000333,-27.601839,LK2
10509,20188,1.21198409848633,N,-3.12882,4.3e-05,-28.25638,LK3
10509,20188,1.21198409848633,N,-6.682247,-0.000274,-54.678379,LK71
10509,20188,1.21198409848633,Vy,-3.810254,0.000192,-27.621241,LK92
10509,20188,1.21198409848633,Vy,-5.566132,-0.000445,-48.452732,LK10
10509,20188,1.21198409848633,Vz,-3.810254,0.000192,-27.621241,LK92
10509,20188,1.21198409848633,Vz,-6.291299,-0.000406,-55.07373,LK67
10509,20188,1.21198409848633,MT,-6.092316,8e-05,-47.69009,LK102
10509,20188,1.21198409848633,MT,-3.284067,-0.000333,-28.383881,LK2
10509,20188,1.21198409848633,My,-3.810254,0.000192,-27.621241,LK92
10509,20188,1.21198409848633,My,-6.291299,-0.000406,-55.07373,LK67
10509,20188,1.21198409848633,Mz,-6.092316,8e-05,-47.69009,LK102
10509,20188,1.21198409848633,Mz,-3.284067,-0.000333,-28.383881,LK2
10510,1964,0,N,1.162752,-0.000885,138.503906,LK14
10510,1964,0,N,-0.10742,0.000107,91.857254,LK3
10510,1964,0,Vy,0.047754,0.000284,88.60778,LK37
10510,1964,0,Vy,1.007575,-0.001063,141.753403,LK10
10510,1964,0,Vz,0.427887,-0.000438,161.503708,LK68
10510,1964,0,Vz,0.815865,-0.000304,83.749168,LK90
10510,1964,0,MT,0.417563,-0.000109,87.452156,LK41
10510,1964,0,MT,0.692118,-0.000748,159.860199,LK69
10510,1964,0,My,0.887848,-0.00061,85.32354,LK35
10510,1964,0,My,0.427887,-0.000438,161.503708,LK68
10510,1964,0,Mz,-0.10742,0.000107,91.857254,LK3
10510,1964,0,Mz,1.162752,-0.000885,138.503906,LK14
10510,1514,3.65010232314359,N,0.000547,-0.437943,-66.098457,LK14
10510,1514,3.65010232314359,N,-5.6e-05,0.042623,-45.94754,LK3
10510,1514,3.65010232314359,Vy,-5.6e-05,0.042623,-45.94754,LK3
10510,1514,3.65010232314359,Vy,0.000547,-0.437943,-66.098457,LK14
10510,1514,3.65010232314359,Vz,0.000341,-0.26728,-44.775078,LK34
10510,1514,3.65010232314359,Vz,0.000278,-0.224025,-74.049492,LK72
10510,1514,3.65010232314359,MT,-5.5e-05,0.042481,-45.93536,LK36
10510,1514,3.65010232314359,MT,0.000547,-0.437943,-66.098457,LK14
10510,1514,3.65010232314359,My,-5.5e-05,0.042481,-45.93536,LK36
10510,1514,3.65010232314359,My,0.000547,-0.437943,-66.098457,LK14
10510,1514,3.65010232314359,Mz,-5.6e-05,0.042623,-45.94754,LK3
10510,1514,3.65010232314359,Mz,0.000547,-0.437943,-66.098457,LK14
603179,20187,0,N,0.312331,0.055108,-55.966461,LK14
603179,20187,0,N,0.002132,0.005955,-32.76194,LK36
603179,20187,0,Vy,0.223259,0.101274,-56.040077,LK104
603179,20187,0,Vy,0.105678,-0.019879,-32.641541,LK4
603179,20187,0,Vz,0.105678,-0.019879,-32.641541,LK4
603179,20187,0,Vz,0.232103,0.065061,-64.986931,LK74
603179,20187,0,MT,0.103788,0.012564,-34.9049,LK9
603179,20187,0,MT,0.20278,0.035989,-53.728237,LK31
603179,20187,0,My,0.101759,-0.010911,-32.786179,LK93
603179,20187,0,My,0.17938,0.061628,-64.983978,LK72
603179,20187,0,Mz,0.105678,-0.019879,-32.641541,LK4
603179,20187,0,Mz,0.223259,0.101274,-56.040077,LK104
603179,1956,0.600000000000378,N,0.312331,0.055108,-56.473579,LK14
603179,1956,0.600000000000378,N,0.002132,0.005955,-33.26907,LK36
603179,1956,0.600000000000378,Vy,0.223259,0.101274,-56.547211,LK104
603179,1956,0.600000000000378,Vy,0.105678,-0.019879,-33.148659,LK4
603179,1956,0.600000000000378,Vz,0.105678,-0.019879,-33.148659,LK4
603179,1956,0.600000000000378,Vz,0.232103,0.065061,-65.494057,LK74
603179,1956,0.600000000000378,MT,0.103788,0.012564,-35.412018,LK9
603179,1956,0.600000000000378,MT,0.20278,0.035989,-54.235359,LK31
603179,1956,0.600000000000378,My,0.101759,-0.010911,-33.293301,LK93
603179,1956,0.600000000000378,My,0.17938,0.061628,-65.491104,LK72
603179,1956,0.600000000000378,Mz,0.105678,-0.019879,-33.148659,LK4
603179,1956,0.600000000000378,Mz,0.223259,0.101274,-56.547211,LK104
603180,20186,0,N,-0.027715,-0.095068,-81.192848,LK92
603180,20186,0,N,-0.094393,0.008963,-159.300705,LK69
603180,20186,0,Vy,-0.059031,0.020254,-81.464134,LK4
603180,20186,0,Vy,-0.059338,-0.100602,-137.619202,LK104
603180,20186,0,Vz,-0.027715,-0.095068,-81.192848,LK92
603180,20186,0,Vz,-0.094393,0.008963,-159.300705,LK69
603180,20186,0,MT,-0.084799,-0.010402,-159.293503,LK70
603180,20186,0,MT,-0.049602,-0.034106,-81.309845,LK39
603180,20186,0,My,-0.028629,-0.098705,-81.196075,LK96
603180,20186,0,My,-0.094393,0.008963,-159.300705,LK69
603180,20186,0,Mz,-0.077367,-0.05461,-137.728302,LK14
603180,20186,0,Mz,-0.041486,-0.005958,-81.446671,LK3
603180,1958,0.600000000000364,N,-0.027715,-0.095068,-81.699966,LK92
603180,1958,0.600000000000364,N,-0.094393,0.008963,-159.807907,LK69
603180,1958,0.600000000000364,Vy,-0.059031,0.020254,-81.971252,LK4
603180,1958,0.600000000000364,Vy,-0.059338,-0.100602,-138.126297,LK104
603180,1958,0.600000000000364,Vz,-0.027715,-0.095068,-81.699966,LK92
603180,1958,0.600000000000364,Vz,-0.094393,0.008963,-159.807907,LK69
603180,1958,0.600000000000364,MT,-0.084799,-0.010402,-159.800598,LK70
603180,1958,0.600000000000364,MT,-0.049602,-0.034106,-81.816963,LK39
603180,1958,0.600000000000364,My,-0.027715,-0.095068,-81.699966,LK92
603180,1958,0.600000000000364,My,-0.094393,0.008963,-159.807907,LK69
603180,1958,0.600000000000364,Mz,-0.077367,-0.05461,-138.235413,LK14
603180,1958,0.600000000000364,Mz,-0.041486,-0.005958,-81.953789,LK3
603181,20185,0,N,0.050957,-0.008195,-40.55006,LK34
603181,20185,0,N,-0.116264,0.079323,-63.430641,LK15
603181,20185,0,Vy,-0.111086,0.081777,-60.735077,LK102
603181,20185,0,Vy,0.050957,-0.008195,-40.55006,LK34
603181,20185,0,Vz,-0.021223,0.03466,-32.533249,LK90
603181,20185,0,Vz,-0.073768,0.055215,-77.768684,LK68
603181,20185,0,MT,-0.054158,0.043796,-39.158051,LK5
603181,20185,0,MT,-0.044528,0.043635,-73.754578,LK73
603181,20185,0,My,-0.021223,0.03466,-32.533249,LK90
603181,20185,0,My,-0.073768,0.055215,-77.768684,LK68
603181,20185,0,Mz,0.050957,-0.008195,-40.55006,LK34
603181,20185,0,Mz,-0.111086,0.081777,-60.735077,LK102
603181,1960,0.600000000000549,N,0.050957,-0.008195,-41.057178,LK34
603181,1960,0.600000000000549,N,-0.116264,0.079323,-63.937763,LK15
603181,1960,0.600000000000549,Vy,-0.111086,0.081777,-61.24221,LK102
603181,1960,0.600000000000549,Vy,0.050957,-0.008195,-41.057178,LK34
603181,1960,0.600000000000549,Vz,-0.021223,0.03466,-33.040379,LK90
603181,1960,0.600000000000549,Vz,-0.073768,0.055215,-78.27581,LK68
603181,1960,0.600000000000549,MT,-0.054158,0.043796,-39.665173,LK5
603181,1960,0.600000000000549,MT,-0.044528,0.043635,-74.261711,LK73
603181,1960,0.600000000000549,My,-0.021223,0.03466,-33.040379,LK90
603181,1960,0.600000000000549,My,-0.073768,0.055215,-78.27581,LK68
603181,1960,0.600000000000549,Mz,0.050957,-0.008195,-41.057178,LK34
603181,1960,0.600000000000549,Mz,-0.111086,0.081777,-61.24221,LK102
603182,20184,0,N,0.135372,-0.074956,-139.231506,LK15
603182,20184,0,N,-0.049797,0.011352,-77.696289,LK34
603182,20184,0,Vy,-0.049797,0.011352,-77.696289,LK34
603182,20184,0,Vy,0.129133,-0.076266,-142.678101,LK102
603182,20184,0,Vz,0.058082,-0.032754,-75.884026,LK91
603182,20184,0,Vz,0.034683,-0.035167,-160.65921,LK71
603182,20184,0,MT,0.098808,-0.065866,-160.511414,LK74
603182,20184,0,MT,0.001309,-0.003455,-76.018906,LK93
603182,20184,0,My,0.058082,-0.032754,-75.884026,LK91
603182,20184,0,My,0.034683,-0.035167,-160.65921,LK71
603182,20184,0,Mz,-0.049797,0.011352,-77.696289,LK34
603182,20184,0,Mz,0.135372,-0.074956,-139.231506,LK15
603182,1962,0.600000000000477,N,0.135372,-0.074956,-139.738586,LK15
603182,1962,0.600000000000477,N,-0.049797,0.011352,-78.203423,LK34
603182,1962,0.600000000000477,Vy,-0.049797,0.011352,-78.203423,LK34
603182,1962,0.600000000000477,Vy,0.129133,-0.076266,-143.185303,LK102
603182,1962,0.600000000000477,Vz,0.058082,-0.032754,-76.391144,LK91
603182,1962,0.600000000000477,Vz,0.034683,-0.035167,-161.16629,LK71
603182,1962,0.600000000000477,MT,0.098808,-0.065866,-161.018494,LK74
603182,1962,0.600000000000477,MT,0.001309,-0.003455,-76.526031,LK93
603182,1962,0.600000000000477,My,0.058082,-0.032754,-76.391144,LK91
603182,1962,0.600000000000477,My,0.034683,-0.035167,-161.16629,LK71
603182,1962,0.600000000000477,Mz,-0.049797,0.011352,-78.203423,LK34
603182,1962,0.600000000000477,Mz,0.135372,-0.074956,-139.738586,LK15
603183,20188,0,N,0.024342,6.3e-05,-77.367104,LK3
603183,20188,0,N,-0.246902,-0.000444,-130.625,LK14
603183,20188,0,Vy,-0.081314,0.000361,-77.400963,LK92
603183,20188,0,Vy,-0.203486,-0.000688,-130.606003,LK10
603183,20188,0,Vz,-0.009145,-7.2e-05,-76.52314,LK91
603183,20188,0,Vz,-0.231337,-0.000385,-150.606506,LK71
603183,20188,0,MT,-0.099746,5.3e-05,-77.390549,LK41
603183,20188,0,MT,-0.132152,-0.000491,-150.585297,LK69
603183,20188,0,My,-0.081314,0.000361,-77.400963,LK92
603183,20188,0,My,-0.187913,-0.000629,-150.587494,LK67
603183,20188,0,Mz,0.024342,6.3e-05,-77.367104,LK3
603183,20188,0,Mz,-0.246902,-0.000444,-130.625,LK14
603183,1964,0.600000000000165,N,0.024342,6.3e-05,-77.874222,LK3
603183,1964,0.600000000000165,N,-0.246902,-0.000444,-131.132095,LK14
603183,1964,0.600000000000165,Vy,-0.081314,0.000361,-77.908081,LK92
603183,1964,0.600000000000165,Vy,-0.203486,-0.000688,-131.113098,LK10
603183,1964,0.600000000000165,Vz,-0.009145,-7.2e-05,-77.030258,LK91
603183,1964,0.600000000000165,Vz,-0.231337,-0.000385,-151.113586,LK71
603183,1964,0.600000000000165,MT,-0.099746,5.3e-05,-77.897675,LK41
603183,1964,0.600000000000165,MT,-0.132152,-0.000491,-151.092499,LK69
603183,1964,0.600000000000165,My,-0.081314,0.000361,-77.908081,LK92
603183,1964,0.600000000000165,My,-0.187913,-0.000629,-151.094589,LK67
603183,1964,0.600000000000165,Mz,0.024342,6.3e-05,-77.874222,LK3
603183,1964,0.600000000000165,Mz,-0.246902,-0.000444,-131.132095,LK14
